{"TOLOC":"STAGE121","RECEIPTDETAILID":"8F45B54AFFFFFFAC2DAE379FA39FC89C","HOSTPROCESSREQUIRED":"0","CHECKFORBACKFLUSHING":"1","SUBLINENUMBER":"","SCHEMA_REFERENCE":"wmwhse1","STORERKEY":"MRA","TOLOT":"0000004089","STATUS":"11","EDITDATE":"2022-01-25T03:31:32.000Z","ALTSKU":"","EXTENDEDPRICE":"0.0","EDITWHO":"admin.invcontrol@muliaraya.co.id","ID":"","PALLET":"0.00000","TYPE":"50","SERIALKEY":"26079","CUBICMETER":"0.00000","HUNDREDWEIGHT":"0.00000","CUBE":"0.0","QTYADJUSTED":"0.00000","VESSELKEY":"","WHSEID":"wmwhse1","ALLOWREOPEN":"1","DATERECEIVED":"2022-01-25T03:30:42.000Z","RECEIPTKEY":"0000003990","ADDWHO":"wmwhse1","QTYREJECTED":"0.00000","PACKKEY":"1FRTI04AP0005C.0/PALLET","VOYAGEKEY":"","EXTERNRECEIPTKEY":"WMS0000003990","QCAUTOADJUST":"0","QCQTYINSPECTED":"0.00000","TAREWGT":"0.00000","QTYRECEIVED":"344.00000","UNITPRICE":"0.0","CASECNT":"0.00000","FORTE_FLAG":"I","QTYEXPECTED":"344.00000","DELETED":"0","LOTTABLE01":"","LOTTABLE02":"MR12","QCQTYREJECTED":"0.00000","GROSSWGT":"0.00000","MatchLottable":"0","INNERPACK":"0.00000","QCSTATUS":"N","XDOCKKEY":"","LOTTABLE05":"2022-01-25T11:00:00.000Z","LOTTABLE06":"","RECEIPTLINENUMBER":"00001","LOTTABLE03":"","NETWGT":"0.00000","POKEY":" ","LOTTABLE09":"","QCREQUIRED":"0","LOTTABLE07":"","LOTTABLE08":"","TOID":"000014338","QTYTOINSPECT":"0.00000","UOM":"CRT","ADDDATE":"2022-01-25T03:26:57.000Z","LOTTABLE10":"","TARIFFKEY":"XXXXXXXXXX","CONTAINERKEY":"","SKU":"1FRTI04AP0005C","CONDITIONCODE":"OK","OTHERUNIT1":"0.0","PACKINGSLIPQTY":"0.00000","OTHERUNIT2":"0.0","EXTERNLINENO":"WMS00001"}
{"TOLOC":"STAGE121","RECEIPTDETAILID":"8F45B58EFFFFFFAC2DAE379F23FE1AB8","HOSTPROCESSREQUIRED":"0","CHECKFORBACKFLUSHING":"1","SUBLINENUMBER":"","SCHEMA_REFERENCE":"wmwhse1","STORERKEY":"MRA","TOLOT":"0000004094","STATUS":"11","EDITDATE":"2022-01-25T03:31:32.000Z","ALTSKU":"","EXTENDEDPRICE":"0.0","EDITWHO":"admin.invcontrol@muliaraya.co.id","ID":"","PALLET":"0.00000","TYPE":"50","SERIALKEY":"26080","CUBICMETER":"0.00000","HUNDREDWEIGHT":"0.00000","CUBE":"0.0","QTYADJUSTED":"0.00000","VESSELKEY":"","WHSEID":"wmwhse1","ALLOWREOPEN":"1","DATERECEIVED":"2022-01-25T03:30:41.000Z","RECEIPTKEY":"0000003990","ADDWHO":"wmwhse1","QTYREJECTED":"0.00000","PACKKEY":"1FRTI04AP0006C.0/PALLET","VOYAGEKEY":"","EXTERNRECEIPTKEY":"WMS0000003990","QCAUTOADJUST":"0","QCQTYINSPECTED":"0.00000","TAREWGT":"0.00000","QTYRECEIVED":"664.00000","UNITPRICE":"0.0","CASECNT":"0.00000","FORTE_FLAG":"I","QTYEXPECTED":"664.00000","DELETED":"0","LOTTABLE01":"","LOTTABLE02":"MR12","QCQTYREJECTED":"0.00000","GROSSWGT":"0.00000","MatchLottable":"0","INNERPACK":"0.00000","QCSTATUS":"N","XDOCKKEY":"","LOTTABLE05":"2022-01-25T11:00:00.000Z","LOTTABLE06":"","RECEIPTLINENUMBER":"00002","LOTTABLE03":"","NETWGT":"0.00000","POKEY":" ","LOTTABLE09":"","QCREQUIRED":"0","LOTTABLE07":"","LOTTABLE08":"","TOID":"000014311","QTYTOINSPECT":"0.00000","UOM":"CRT","ADDDATE":"2022-01-25T03:26:57.000Z","LOTTABLE10":"","TARIFFKEY":"XXXXXXXXXX","CONTAINERKEY":"","SKU":"1FRTI04AP0006C","CONDITIONCODE":"OK","OTHERUNIT1":"0.0","PACKINGSLIPQTY":"0.00000","OTHERUNIT2":"0.0","EXTERNLINENO":"WMS00002"}
{"TOLOC":"STAGE121","RECEIPTDETAILID":"8F45B5C2FFFFFFAC2DAE379FD321F516","HOSTPROCESSREQUIRED":"0","CHECKFORBACKFLUSHING":"1","SUBLINENUMBER":"","SCHEMA_REFERENCE":"wmwhse1","STORERKEY":"MRA","TOLOT":"0000004088","STATUS":"11","EDITDATE":"2022-01-25T03:31:32.000Z","ALTSKU":"","EXTENDEDPRICE":"0.0","EDITWHO":"admin.invcontrol@muliaraya.co.id","ID":"","PALLET":"0.00000","TYPE":"50","SERIALKEY":"26081","CUBICMETER":"0.00000","HUNDREDWEIGHT":"0.00000","CUBE":"0.0","QTYADJUSTED":"0.00000","VESSELKEY":"","WHSEID":"wmwhse1","ALLOWREOPEN":"1","DATERECEIVED":"2022-01-25T03:30:41.000Z","RECEIPTKEY":"0000003990","ADDWHO":"wmwhse1","QTYREJECTED":"0.00000","PACKKEY":"1FRTI04AP0007A.0/PALLET","VOYAGEKEY":"","EXTERNRECEIPTKEY":"WMS0000003990","QCAUTOADJUST":"0","QCQTYINSPECTED":"0.00000","TAREWGT":"0.00000","QTYRECEIVED":"2.00000","UNITPRICE":"0.0","CASECNT":"0.00000","FORTE_FLAG":"I","QTYEXPECTED":"2.00000","DELETED":"0","LOTTABLE01":"","LOTTABLE02":"MR12","QCQTYREJECTED":"0.00000","GROSSWGT":"0.00000","MatchLottable":"0","INNERPACK":"0.00000","QCSTATUS":"N","XDOCKKEY":"","LOTTABLE05":"2022-01-25T11:00:00.000Z","LOTTABLE06":"","RECEIPTLINENUMBER":"00003","LOTTABLE03":"","NETWGT":"0.00000","POKEY":" ","LOTTABLE09":"","QCREQUIRED":"0","LOTTABLE07":"","LOTTABLE08":"","TOID":"000014339","QTYTOINSPECT":"0.00000","UOM":"CRT","ADDDATE":"2022-01-25T03:26:57.000Z","LOTTABLE10":"","TARIFFKEY":"XXXXXXXXXX","CONTAINERKEY":"","SKU":"1FRTI04AP0007A","CONDITIONCODE":"OK","OTHERUNIT1":"0.0","PACKINGSLIPQTY":"0.00000","OTHERUNIT2":"0.0","EXTERNLINENO":"WMS00003"}
{"TOLOC":"STAGE121","RECEIPTDETAILID":"8F45B63DFFFFFFAC2DAE379F5CE796F0","HOSTPROCESSREQUIRED":"0","CHECKFORBACKFLUSHING":"1","SUBLINENUMBER":"","SCHEMA_REFERENCE":"wmwhse1","STORERKEY":"MRA","TOLOT":"0000004093","STATUS":"11","EDITDATE":"2022-01-25T03:31:32.000Z","ALTSKU":"","EXTENDEDPRICE":"0.0","EDITWHO":"admin.invcontrol@muliaraya.co.id","ID":"","PALLET":"0.00000","TYPE":"50","SERIALKEY":"26082","CUBICMETER":"0.00000","HUNDREDWEIGHT":"0.00000","CUBE":"0.0","QTYADJUSTED":"0.00000","VESSELKEY":"","WHSEID":"wmwhse1","ALLOWREOPEN":"1","DATERECEIVED":"2022-01-25T03:30:41.000Z","RECEIPTKEY":"0000003990","ADDWHO":"wmwhse1","QTYREJECTED":"0.00000","PACKKEY":"1FRTI04AP0153C.0/PALLET","VOYAGEKEY":"","EXTERNRECEIPTKEY":"WMS0000003990","QCAUTOADJUST":"0","QCQTYINSPECTED":"0.00000","TAREWGT":"0.00000","QTYRECEIVED":"245.00000","UNITPRICE":"0.0","CASECNT":"0.00000","FORTE_FLAG":"I","QTYEXPECTED":"245.00000","DELETED":"0","LOTTABLE01":"","LOTTABLE02":"MR12","QCQTYREJECTED":"0.00000","GROSSWGT":"0.00000","MatchLottable":"0","INNERPACK":"0.00000","QCSTATUS":"N","XDOCKKEY":"","LOTTABLE05":"2022-01-25T11:00:00.000Z","LOTTABLE06":"","RECEIPTLINENUMBER":"00004","LOTTABLE03":"","NETWGT":"0.00000","POKEY":" ","LOTTABLE09":"","QCREQUIRED":"0","LOTTABLE07":"","LOTTABLE08":"","TOID":"000014330","QTYTOINSPECT":"0.00000","UOM":"CRT","ADDDATE":"2022-01-25T03:26:57.000Z","LOTTABLE10":"","TARIFFKEY":"XXXXXXXXXX","CONTAINERKEY":"","SKU":"1FRTI04AP0153C","CONDITIONCODE":"OK","OTHERUNIT1":"0.0","PACKINGSLIPQTY":"0.00000","OTHERUNIT2":"0.0","EXTERNLINENO":"WMS00004"}
{"TOLOC":"STAGE121","RECEIPTDETAILID":"8F45B673FFFFFFAC2DAE379F87471AA5","HOSTPROCESSREQUIRED":"0","CHECKFORBACKFLUSHING":"1","SUBLINENUMBER":"","SCHEMA_REFERENCE":"wmwhse1","STORERKEY":"MRA","TOLOT":"0000004082","STATUS":"11","EDITDATE":"2022-01-25T03:31:32.000Z","ALTSKU":"","EXTENDEDPRICE":"0.0","EDITWHO":"admin.invcontrol@muliaraya.co.id","ID":"","PALLET":"0.00000","TYPE":"50","SERIALKEY":"26083","CUBICMETER":"0.00000","HUNDREDWEIGHT":"0.00000","CUBE":"0.0","QTYADJUSTED":"0.00000","VESSELKEY":"","WHSEID":"wmwhse1","ALLOWREOPEN":"1","DATERECEIVED":"2022-01-25T03:30:40.000Z","RECEIPTKEY":"0000003990","ADDWHO":"wmwhse1","QTYREJECTED":"0.00000","PACKKEY":"1FRTI04AG0163C.0/PALLET","VOYAGEKEY":"","EXTERNRECEIPTKEY":"WMS0000003990","QCAUTOADJUST":"0","QCQTYINSPECTED":"0.00000","TAREWGT":"0.00000","QTYRECEIVED":"334.00000","UNITPRICE":"0.0","CASECNT":"0.00000","FORTE_FLAG":"I","QTYEXPECTED":"334.00000","DELETED":"0","LOTTABLE01":"","LOTTABLE02":"MR12","QCQTYREJECTED":"0.00000","GROSSWGT":"0.00000","MatchLottable":"0","INNERPACK":"0.00000","QCSTATUS":"N","XDOCKKEY":"","LOTTABLE05":"2022-01-25T11:00:00.000Z","LOTTABLE06":"","RECEIPTLINENUMBER":"00005","LOTTABLE03":"","NETWGT":"0.00000","POKEY":" ","LOTTABLE09":"","QCREQUIRED":"0","LOTTABLE07":"","LOTTABLE08":"","TOID":"000014340","QTYTOINSPECT":"0.00000","UOM":"CRT","ADDDATE":"2022-01-25T03:26:57.000Z","LOTTABLE10":"","TARIFFKEY":"XXXXXXXXXX","CONTAINERKEY":"","SKU":"1FRTI04AG0163C","CONDITIONCODE":"OK","OTHERUNIT1":"0.0","PACKINGSLIPQTY":"0.00000","OTHERUNIT2":"0.0","EXTERNLINENO":"WMS00005"}
